"","X","taxon","EOO.Area.km2","EOO.Status","AOO","AOO.adjusted.Minimum","AOO.Status"
"1",1,"Acer saccharum subsp. floridanum",1380306.46306193,"Least Concern (LC)",13700,12900,"Least Concern (LC)"
"2",1,"Acer saccharum subsp. leucoderme",1070428.11571374,"Least Concern (LC)",12500,11800,"Least Concern (LC)"
"3",1,"Acer saccharum subsp. nigrum",1577723.54339203,"Least Concern (LC)",22300,21500,"Least Concern (LC)"
"4",1,"Acer saccharum subsp. ozarkense",1380306.46306193,"Least Concern (LC)",13700,12900,"Least Concern (LC)"
"5",1,"Acer saccharum subsp. saccharum",2254597.41170989,"Least Concern (LC)",28800,28300,"Least Concern (LC)"
"6",1,"Acer saccharum",7558597.82242443,"Least Concern (LC)",92000,91100,"Least Concern (LC)"
"7",1,"Elymus arizonicus",384.310709762828,"Endangered (EN)",300,300,"Endangered (EN)"
"8",1,"Allium aaseae",4068.96585027844,"Endangered (EN)",800,700,"Vulnerable (VU)"
"9",1,"Allium acuminatum",2235940.08306639,"Least Concern (LC)",78300,74500,"Least Concern (LC)"
"10",1,"Allium amplectens",791729.80508415,"Least Concern (LC)",23600,23000,"Least Concern (LC)"
"11",1,"Allium bigelovii",944505.860921449,"Least Concern (LC)",6600,6400,"Least Concern (LC)"
"12",1,"Allium bisceptrum",1354993.98926216,"Least Concern (LC)",22300,21400,"Least Concern (LC)"
"13",1,"Allium brandegeei",807939.337124262,"Least Concern (LC)",18000,17600,"Least Concern (LC)"
"14",1,"Allium brevistylum",842743.905812007,"Least Concern (LC)",33400,31900,"Least Concern (LC)"
"15",1,"Allium burdickii",923413.384037065,"Least Concern (LC)",6700,6600,"Least Concern (LC)"
"16",1,"Allium campanulatum",679888.531137662,"Least Concern (LC)",20600,19800,"Least Concern (LC)"
"17",1,"Allium canadense var. canadense",3358288.97913349,"Least Concern (LC)",23800,23500,"Least Concern (LC)"
"18",1,"Allium canadense",3746458.73787524,"Least Concern (LC)",31900,30900,"Least Concern (LC)"
"19",1,"Allium cernuum",7992756.60217924,"Least Concern (LC)",123200,121700,"Least Concern (LC)"
"20",1,"Allium crenulatum",281734.632658616,"Least Concern (LC)",7300,6800,"Least Concern (LC)"
"21",1,"Allium douglasii",124945.305430455,"Least Concern (LC)",5400,5000,"Least Concern (LC)"
"22",1,"Allium drummondii",1170737.19901974,"Least Concern (LC)",16400,15900,"Least Concern (LC)"
"23",1,"Allium falcifolium",391251.248552252,"Least Concern (LC)",11700,11100,"Least Concern (LC)"
"24",1,"Allium fibrillum",423060.427432589,"Least Concern (LC)",10500,10000,"Least Concern (LC)"
"25",1,"Allium geyeri var. geyeri",1277308.3082936,"Least Concern (LC)",27000,25600,"Least Concern (LC)"
"26",1,"Allium geyeri var. tenerum",1805517.06954446,"Least Concern (LC)",21200,20400,"Least Concern (LC)"
"27",1,"Allium geyeri",2103628.30634106,"Least Concern (LC)",39400,39300,"Least Concern (LC)"
"28",1,"Allium gooddingii",89217.4345718379,"Least Concern (LC)",500,500,"Vulnerable (VU)"
"29",1,"Allium kunthii",882827.813338422,"Least Concern (LC)",6700,6200,"Least Concern (LC)"
"30",1,"Allium lemmonii",495944.330412566,"Least Concern (LC)",11400,10900,"Least Concern (LC)"
"31",1,"Allium macrum",217909.340676056,"Least Concern (LC)",6200,6100,"Least Concern (LC)"
"32",1,"Allium munzii",822.684971923086,"Endangered (EN)",1100,800,"Vulnerable (VU)"
"33",1,"Allium nevii",103801.287811055,"Least Concern (LC)",5000,4500,"Least Concern (LC)"
"34",1,"Allium obtusum var. conspicuum",944505.860921449,"Least Concern (LC)",6600,6400,"Least Concern (LC)"
"35",1,"Allium platycaule",283369.067869335,"Least Concern (LC)",5300,4800,"Least Concern (LC)"
"36",1,"Allium praecox",60935.2180129039,"Least Concern (LC)",6100,5500,"Least Concern (LC)"
"37",1,"Allium robinsonii",174092.35587472,"Least Concern (LC)",4100,3900,"Possible Near Threatened (NT)"
"38",1,"Allium sanbornii",72275.3489435651,"Least Concern (LC)",1400,1300,"Vulnerable (VU)"
"39",1,"Allium schoenoprasum subsp. schoenoprasum",944505.860921449,"Least Concern (LC)",6600,6500,"Least Concern (LC)"
"40",1,"Allium schoenoprasum",12300118.0781001,"Least Concern (LC)",36700,35700,"Least Concern (LC)"
"41",1,"Allium scilloides",51307.3697565363,"Least Concern (LC)",2700,2500,"Possible Near Threatened (NT)"
"42",1,"Allium siskiyouense",384519.97023652,"Least Concern (LC)",6300,5800,"Least Concern (LC)"
"43",1,"Allium stellatum",2021632.02446953,"Least Concern (LC)",8900,8700,"Least Concern (LC)"
"44",1,"Allium textile",2604701.72591836,"Least Concern (LC)",134000,130200,"Least Concern (LC)"
"45",1,"Allium tolmiei",424189.712891448,"Least Concern (LC)",7100,6800,"Least Concern (LC)"
"46",1,"Allium tricoccum",1746610.06010433,"Least Concern (LC)",18400,17600,"Least Concern (LC)"
"47",1,"Allium unifolium",266035.519603388,"Least Concern (LC)",5100,4400,"Least Concern (LC)"
"48",1,"Allium validum",692837.829783514,"Least Concern (LC)",16300,15700,"Least Concern (LC)"
"49",1,"Allium victorialis subsp. platyphyllum",944505.860921449,"Least Concern (LC)",6600,6400,"Least Concern (LC)"
"50",1,"Allium victorialis",944505.860921449,"Least Concern (LC)",6600,6400,"Least Concern (LC)"
"51",1,"Annona montana",944505.860921449,"Least Concern (LC)",6600,6400,"Least Concern (LC)"
"52",1,"Asimina triloba",NA,"Critically Endangered (CR)",NA,NA,"Critically Endangered (CR)"
"53",1,"Aphanisma blitoides",92487.1558253073,"Least Concern (LC)",3000,2600,"Possible Near Threatened (NT)"
"54",1,"Apios americana",5258890.42283839,"Least Concern (LC)",57600,56600,"Least Concern (LC)"
"55",1,"Apios priceana",NA,"Critically Endangered (CR)",NA,NA,"Critically Endangered (CR)"
"56",1,"Artocarpus altilis",5258890.42283839,"Least Concern (LC)",57600,56800,"Least Concern (LC)"
"57",1,"Artocarpus mariannensis",NA,"Critically Endangered (CR)",NA,NA,"Critically Endangered (CR)"
"58",1,"Asimina triloba",2388482.70112694,"Least Concern (LC)",55500,54700,"Least Concern (LC)"
"59",1,"Blitum californicum",222822.824932306,"Least Concern (LC)",25300,23700,"Least Concern (LC)"
"60",1,"Blitum capitatum",10612910.6827173,"Least Concern (LC)",11400,11100,"Least Concern (LC)"
"61",1,"Blitum hastatum",312314.458969303,"Least Concern (LC)",2700,2600,"Possible Near Threatened (NT)"
"62",1,"Blitum nuttallianum",7594569.72805913,"Least Concern (LC)",38400,37500,"Least Concern (LC)"
"63",1,"Blitum spathulatum",47596.3434106172,"Least Concern (LC)",600,500,"Vulnerable (VU)"
"64",1,"Capsicum annuum var. glabriusculum",5552823.19204787,"Least Concern (LC)",22500,21900,"Least Concern (LC)"
"65",1,"Carya aquatica",1785467.41179439,"Least Concern (LC)",11500,11300,"Least Concern (LC)"
"66",1,"Carya carolinae-septentrionalis",267946.412343954,"Least Concern (LC)",4000,3500,"Possible Near Threatened (NT)"
"67",1,"Carya cordiformis",3203878.28198286,"Least Concern (LC)",51400,50100,"Least Concern (LC)"
"68",1,"Carya floridana",67603.2730760639,"Least Concern (LC)",2500,2500,"Possible Near Threatened (NT)"
"69",1,"Carya glabra",2747342.54163484,"Least Concern (LC)",60500,59300,"Least Concern (LC)"
"70",1,"Carya illinoinensis",2321436.59485834,"Least Concern (LC)",17700,17000,"Least Concern (LC)"
"71",1,"Carya laciniosa",1598454.28107415,"Least Concern (LC)",13700,12900,"Least Concern (LC)"
"72",1,"Carya myristiciformis",272758.709383908,"Least Concern (LC)",4500,4100,"Least Concern (LC)"
"73",1,"Carya ovalis",1746770.41732541,"Least Concern (LC)",10400,9800,"Least Concern (LC)"
"74",1,"Carya ovata",3407020.68400903,"Least Concern (LC)",61100,59300,"Least Concern (LC)"
"75",1,"Carya pallida",896996.178365384,"Least Concern (LC)",14500,13500,"Least Concern (LC)"
"76",1,"Carya texana",607239.210081487,"Least Concern (LC)",10900,10200,"Least Concern (LC)"
"77",1,"Carya tomentosa",2863044.56357349,"Least Concern (LC)",50000,48600,"Least Concern (LC)"
"78",1,"Carya x ludoviciana",NA,"Critically Endangered (CR)",NA,NA,"Critically Endangered (CR)"
"79",1,"Castanea dentata",2047670.18826166,"Least Concern (LC)",39500,39100,"Least Concern (LC)"
"80",1,"Castanea ozarkensis",162208.250458305,"Least Concern (LC)",3600,3300,"Possible Near Threatened (NT)"
"81",1,"Castanea pumila",1868194.26682861,"Least Concern (LC)",34100,33100,"Least Concern (LC)"
"82",1,"Comarum palustre",13709262.7939123,"Least Concern (LC)",64900,63800,"Least Concern (LC)"
"83",1,"Corylus americana",4427990.47649337,"Least Concern (LC)",75800,73500,"Least Concern (LC)"
"84",1,"Corylus californica",769553.686358841,"Least Concern (LC)",26300,25500,"Least Concern (LC)"
"85",1,"Corylus cornuta",9485115.04493367,"Least Concern (LC)",50900,49800,"Least Concern (LC)"
"86",1,"Cucurbita digitata",499936.988398277,"Least Concern (LC)",12500,12200,"Least Concern (LC)"
"87",1,"Cucurbita foetidissima",4504625.29415701,"Least Concern (LC)",79700,78300,"Least Concern (LC)"
"88",1,"Cucurbita okeechobeensis subsp. okeechobeensis",282.73219720497,"Endangered (EN)",400,300,"Endangered (EN)"
"89",1,"Cucurbita palmata",565162.712784637,"Least Concern (LC)",26500,25000,"Least Concern (LC)"
"90",1,"Cucurbita pepo subsp. ovifera var. ozarkana",253670.18288113,"Least Concern (LC)",4700,4600,"Least Concern (LC)"
"91",1,"Cucurbita pepo subsp. ovifera var. texana",106818.58002741,"Least Concern (LC)",2000,2000,"Possible Near Threatened (NT)"
"92",1,"Dasiphora fruticosa",9959072.91238908,"Least Concern (LC)",110800,109600,"Least Concern (LC)"
"93",1,"Daucus pusillus",5699540.24420217,"Least Concern (LC)",91700,88800,"Least Concern (LC)"
"94",1,"Dioscorea villosa",5169385.75173684,"Least Concern (LC)",80400,78000,"Least Concern (LC)"
"95",1,"Diospyros texana",348501.039848823,"Least Concern (LC)",13800,12700,"Least Concern (LC)"
"96",1,"Diospyros virginiana",2999502.2125129,"Least Concern (LC)",63300,61800,"Least Concern (LC)"
"97",1,"Drymocallis glandulosa",2174954.78332279,"Least Concern (LC)",42700,41400,"Least Concern (LC)"
"98",1,"Echinacea purpurea",1543152.03052009,"Least Concern (LC)",21500,20400,"Least Concern (LC)"
"99",1,"Elymus alaskanus",8038517.66237618,"Least Concern (LC)",16500,15900,"Least Concern (LC)"
"100",1,"Elymus albicans",2335501.19093991,"Least Concern (LC)",18600,18400,"Least Concern (LC)"
"101",1,"Elymus arizonicus",993302.591440527,"Least Concern (LC)",8000,7400,"Least Concern (LC)"
"102",1,"Elymus bakeri",171574.423000303,"Least Concern (LC)",3500,3400,"Possible Near Threatened (NT)"
"103",1,"Elymus canadensis",12901961.4938359,"Least Concern (LC)",141500,138600,"Least Concern (LC)"
"104",1,"Elymus curvatus",1977263.32339846,"Least Concern (LC)",3700,3600,"Possible Near Threatened (NT)"
"105",1,"Elymus elymoides subsp. brevifolius",2403314.02184347,"Least Concern (LC)",101800,100100,"Least Concern (LC)"
"106",1,"Elymus elymoides subsp. californicus",1332897.3558018,"Least Concern (LC)",15400,14400,"Least Concern (LC)"
"107",1,"Elymus elymoides subsp. elymoides",2257367.11743976,"Least Concern (LC)",102500,100700,"Least Concern (LC)"
"108",1,"Elymus elymoides subsp. hordeoides",63161.0342724045,"Least Concern (LC)",1000,1000,"Vulnerable (VU)"
"109",1,"Elymus elymoides",4425724.60128444,"Least Concern (LC)",142000,140400,"Least Concern (LC)"
"110",1,"Elymus glabriflorus",1172952.96845329,"Least Concern (LC)",5500,5400,"Least Concern (LC)"
"111",1,"Elymus glaucus subsp. glaucus",4591646.52964056,"Least Concern (LC)",125900,123900,"Least Concern (LC)"
"112",1,"Elymus glaucus subsp. virescens",2080082.27925271,"Least Concern (LC)",6700,6500,"Least Concern (LC)"
"113",1,"Elymus glaucus",9017062.51050883,"Least Concern (LC)",132000,127200,"Least Concern (LC)"
"114",1,"Elymus hirsutus",1155249.39977322,"Least Concern (LC)",8700,8300,"Least Concern (LC)"
"115",1,"Elymus hystrix",2345189.64463057,"Least Concern (LC)",43200,42200,"Least Concern (LC)"
"116",1,"Elymus lanceolatus subsp. lanceolatus",4089934.95223969,"Least Concern (LC)",22400,22100,"Least Concern (LC)"
"117",1,"Elymus lanceolatus subsp. psammophilus",3299802.52532087,"Least Concern (LC)",1900,1800,"Vulnerable (VU)"
"118",1,"Elymus lanceolatus subsp. riparius",918480.809840342,"Least Concern (LC)",2100,2100,"Possible Near Threatened (NT)"
"119",1,"Elymus lanceolatus",8540188.51168396,"Least Concern (LC)",56900,55400,"Least Concern (LC)"
"120",1,"Elymus macgregorii",3313186.90713023,"Least Concern (LC)",6100,5600,"Least Concern (LC)"
"121",1,"Elymus macrourus",6242408.66527477,"Least Concern (LC)",30800,29500,"Least Concern (LC)"
"122",1,"Elymus multisetus",1228291.66721911,"Least Concern (LC)",53000,51500,"Least Concern (LC)"
"123",1,"Elymus riparius",3503170.17234103,"Least Concern (LC)",32900,32000,"Least Concern (LC)"
"124",1,"Elymus scribneri",2141830.99857766,"Least Concern (LC)",55600,53800,"Least Concern (LC)"
"125",1,"Elymus sierrae",186723.956884503,"Least Concern (LC)",4000,3700,"Possible Near Threatened (NT)"
"126",1,"Elymus stebbinsii subsp. septentrionalis",137526.893230348,"Least Concern (LC)",2100,1800,"Possible Near Threatened (NT)"
"127",1,"Elymus stebbinsii subsp. stebbinsii",60188.4129849216,"Least Concern (LC)",800,800,"Vulnerable (VU)"
"128",1,"Elymus stebbinsii",200615.611860019,"Least Concern (LC)",8000,7500,"Least Concern (LC)"
"129",1,"Elymus trachycaulus subsp. subsecundus",11200941.7109911,"Least Concern (LC)",17200,16800,"Least Concern (LC)"
"130",1,"Elymus trachycaulus subsp. trachycaulus",16847109.775906,"Least Concern (LC)",54500,53300,"Least Concern (LC)"
"131",1,"Elymus trachycaulus",19713328.818283,"Least Concern (LC)",160400,158900,"Least Concern (LC)"
"132",1,"Elymus villosus",3270646.00986629,"Least Concern (LC)",34800,33500,"Least Concern (LC)"
"133",1,"Elymus violaceus",13420896.5250461,"Least Concern (LC)",85700,84400,"Least Concern (LC)"
"134",1,"Elymus virginicus",10992493.8734932,"Least Concern (LC)",61800,60800,"Least Concern (LC)"
"135",1,"Elymus wawawaiensis",62719.9174481181,"Least Concern (LC)",1100,1100,"Vulnerable (VU)"
"136",1,"Elymus wiegandii",988718.762511865,"Least Concern (LC)",2400,2300,"Possible Near Threatened (NT)"
"137",1,"Elymus x pseudorepens",452048.211720764,"Least Concern (LC)",1100,1000,"Vulnerable (VU)"
"138",1,"Leymus ambiguus",43385.5353482516,"Possible Near Threatened (NT)",700,700,"Vulnerable (VU)"
"139",1,"Leymus californicus",2442.72146535384,"Endangered (EN)",800,800,"Vulnerable (VU)"
"140",1,"Leymus cinereus",1967184.25984374,"Least Concern (LC)",59800,57900,"Least Concern (LC)"
"141",1,"Leymus condensatus",96898.0149506715,"Least Concern (LC)",9300,8500,"Least Concern (LC)"
"142",1,"Leymus flavescens",87401.1045882293,"Least Concern (LC)",900,800,"Vulnerable (VU)"
"143",1,"Leymus innovatus",5501864.80130502,"Least Concern (LC)",3000,2900,"Possible Near Threatened (NT)"
"144",1,"Leymus mollis",15655778.8467648,"Least Concern (LC)",3100,2800,"Possible Near Threatened (NT)"
"145",1,"Leymus pacificus",1259.24474849281,"Endangered (EN)",400,400,"Endangered (EN)"
"146",1,"Leymus salina subsp. salina",127456.609458668,"Least Concern (LC)",4600,4500,"Least Concern (LC)"
"147",1,"Leymus salina subsp. salmonis",NA,"Critically Endangered (CR)",NA,NA,"Critically Endangered (CR)"
"148",1,"Leymus simplex",5858.85208305806,"Vulnerable (VU)",400,400,"Endangered (EN)"
"149",1,"Leymus triticoides",1955388.44725974,"Least Concern (LC)",26600,25700,"Least Concern (LC)"
"150",1,"Leymus x multiflorus",19133.2824841846,"Vulnerable (VU)",400,400,"Endangered (EN)"
"151",1,"Leymus x vancouverensis",87401.1045882293,"Least Concern (LC)",900,800,"Vulnerable (VU)"
"152",1,"Pseudoroegneria spicata",6013444.03088473,"Least Concern (LC)",152300,148900,"Least Concern (LC)"
"153",1,"Ficus aurea",83591.2839634667,"Least Concern (LC)",2600,2100,"Possible Near Threatened (NT)"
"154",1,"Ficus citrifolia",353625.141270907,"Least Concern (LC)",2700,2300,"Possible Near Threatened (NT)"
"155",1,"Fragaria cascadensis",17765.9910032285,"Vulnerable (VU)",3300,3100,"Possible Near Threatened (NT)"
"156",1,"Fragaria chiloensis subsp. lucida",218413.480924096,"Least Concern (LC)",1200,1200,"Vulnerable (VU)"
"157",1,"Fragaria chiloensis subsp. pacifica",4130969.32972525,"Least Concern (LC)",4000,3900,"Possible Near Threatened (NT)"
"158",1,"Fragaria chiloensis subsp. sandwicensis",733.636767309161,"Endangered (EN)",300,300,"Endangered (EN)"
"159",1,"Fragaria chiloensis",14875299.232652,"Least Concern (LC)",22600,21900,"Least Concern (LC)"
"160",1,"Fragaria vesca f. bracteata",3461712.78928823,"Least Concern (LC)",10900,10400,"Least Concern (LC)"
"161",1,"Fragaria vesca f. helleri",NA,"Critically Endangered (CR)",NA,NA,"Critically Endangered (CR)"
"162",1,"Fragaria vesca subsp. americana",4374171.3102594,"Least Concern (LC)",6000,5900,"Least Concern (LC)"
"163",1,"Fragaria vesca subsp. bracteata",2728844.61381939,"Least Concern (LC)",36600,35800,"Least Concern (LC)"
"164",1,"Fragaria vesca subsp. californica",1034366.08692247,"Least Concern (LC)",2800,2700,"Possible Near Threatened (NT)"
"165",1,"Fragaria vesca",11121995.0242463,"Least Concern (LC)",124700,121400,"Least Concern (LC)"
"166",1,"Fragaria virginiana subsp. glauca",10379706.904397,"Least Concern (LC)",33200,31400,"Least Concern (LC)"
"167",1,"Fragaria virginiana subsp. grayana",710885.050726502,"Least Concern (LC)",7400,7200,"Least Concern (LC)"
"168",1,"Fragaria virginiana subsp. platypetala",2119164.3113384,"Least Concern (LC)",32000,31500,"Least Concern (LC)"
"169",1,"Fragaria virginiana subsp. virginiana",5477440.37486864,"Least Concern (LC)",31300,30500,"Least Concern (LC)"
"170",1,"Fragaria virginiana",15760303.2867909,"Least Concern (LC)",156600,151700,"Least Concern (LC)"
"171",1,"Fragaria x ananassa nothosubsp. cuneifolia",465723.523475375,"Least Concern (LC)",2200,2000,"Possible Near Threatened (NT)"
"172",1,"Fragaria x ananassa",11121995.0242463,"Least Concern (LC)",124700,121400,"Least Concern (LC)"
"173",1,"Gossypium thurberi",149366.160658422,"Least Concern (LC)",14300,13300,"Least Concern (LC)"
"174",1,"Gossypium tomentosum",1486.69821078596,"Endangered (EN)",600,400,"Vulnerable (VU)"
"175",1,"Helianthus agrestis",111662.072328383,"Least Concern (LC)",2300,2200,"Possible Near Threatened (NT)"
"176",1,"Helianthus angustifolius",2029859.81253364,"Least Concern (LC)",48000,46600,"Least Concern (LC)"
"177",1,"Helianthus annuus",11022279.8779673,"Least Concern (LC)",212200,209900,"Least Concern (LC)"
"178",1,"Helianthus anomalus",203796.652100687,"Least Concern (LC)",6900,6200,"Least Concern (LC)"
"179",1,"Helianthus argophyllus",1369919.1288829,"Least Concern (LC)",5500,5200,"Least Concern (LC)"
"180",1,"Helianthus arizonensis",16135.6873102747,"Vulnerable (VU)",800,600,"Vulnerable (VU)"
"181",1,"Helianthus atrorubens",736600.540785607,"Least Concern (LC)",18100,17800,"Least Concern (LC)"
"182",1,"Helianthus bolanderi",301937.883705203,"Least Concern (LC)",15800,14800,"Least Concern (LC)"
"183",1,"Helianthus californicus",247038.540036598,"Least Concern (LC)",9600,8900,"Least Concern (LC)"
"184",1,"Helianthus carnosus",1595.77137804941,"Endangered (EN)",500,500,"Vulnerable (VU)"
"185",1,"Helianthus ciliaris",1661549.26842608,"Least Concern (LC)",26300,25700,"Least Concern (LC)"
"186",1,"Helianthus cusickii",466466.827003828,"Least Concern (LC)",13000,12200,"Least Concern (LC)"
"187",1,"Helianthus debilis subsp. cucumerifolius",143782.058098693,"Least Concern (LC)",4900,4600,"Least Concern (LC)"
"188",1,"Helianthus debilis subsp. debilis",71209.2262142879,"Least Concern (LC)",2100,2000,"Possible Near Threatened (NT)"
"189",1,"Helianthus debilis subsp. silvestris",106841.070359915,"Least Concern (LC)",4900,4700,"Least Concern (LC)"
"190",1,"Helianthus debilis subsp. tardiflorus",60195.7483677789,"Least Concern (LC)",800,800,"Vulnerable (VU)"
"191",1,"Helianthus debilis subsp. vestitus",4913.50146747957,"Endangered (EN)",900,800,"Vulnerable (VU)"
"192",1,"Helianthus debilis",1111686.89828209,"Least Concern (LC)",7800,7500,"Least Concern (LC)"
"193",1,"Helianthus decapetalus",2347080.56981747,"Least Concern (LC)",49300,47800,"Least Concern (LC)"
"194",1,"Helianthus deserticola",176971.507073829,"Least Concern (LC)",5000,4100,"Least Concern (LC)"
"195",1,"Helianthus divaricatus",2496067.74619243,"Least Concern (LC)",61800,60400,"Least Concern (LC)"
"196",1,"Helianthus eggertii",28453.1456203087,"Possible Near Threatened (NT)",1600,1500,"Vulnerable (VU)"
"197",1,"Helianthus exilis",125043.692257925,"Least Concern (LC)",4500,4300,"Least Concern (LC)"
"198",1,"Helianthus floridanus",282758.854123596,"Least Concern (LC)",5200,4800,"Least Concern (LC)"
"199",1,"Helianthus giganteus",2166559.24764125,"Least Concern (LC)",31100,30200,"Least Concern (LC)"
"200",1,"Helianthus glaucophyllus",12790.9095744965,"Vulnerable (VU)",2100,1900,"Possible Near Threatened (NT)"
"201",1,"Helianthus gracilentus",254776.054606176,"Least Concern (LC)",21200,20500,"Least Concern (LC)"
"202",1,"Helianthus grosseserratus",2859124.96319551,"Least Concern (LC)",37100,36400,"Least Concern (LC)"
"203",1,"Helianthus heterophyllus",804275.766024934,"Least Concern (LC)",10700,10000,"Least Concern (LC)"
"204",1,"Helianthus hirsutus",4064961.44705195,"Least Concern (LC)",58500,57800,"Least Concern (LC)"
"205",1,"Helianthus laciniatus",467197.199338955,"Least Concern (LC)",4800,4500,"Least Concern (LC)"
"206",1,"Helianthus laevigatus",85711.053085752,"Least Concern (LC)",4500,4200,"Least Concern (LC)"
"207",1,"Helianthus longifolius",39804.7092953997,"Possible Near Threatened (NT)",900,800,"Vulnerable (VU)"
"208",1,"Helianthus maximiliani",5755781.27468547,"Least Concern (LC)",44500,44000,"Least Concern (LC)"
"209",1,"Helianthus microcephalus",1155250.22367104,"Least Concern (LC)",34000,32400,"Least Concern (LC)"
"210",1,"Helianthus mollis",1879417.70063623,"Least Concern (LC)",26200,25500,"Least Concern (LC)"
"211",1,"Helianthus neglectus",157501.969478247,"Least Concern (LC)",3300,2900,"Possible Near Threatened (NT)"
"212",1,"Helianthus niveus subsp. canescens",814628.619208988,"Least Concern (LC)",4600,4000,"Least Concern (LC)"
"213",1,"Helianthus niveus subsp. tephrodes",142014.997558156,"Least Concern (LC)",2400,2200,"Possible Near Threatened (NT)"
"214",1,"Helianthus niveus",822567.207126735,"Least Concern (LC)",7200,6600,"Least Concern (LC)"
"215",1,"Helianthus nuttallii subsp. nuttallii",3083902.05945333,"Least Concern (LC)",17500,17300,"Least Concern (LC)"
"216",1,"Helianthus nuttallii subsp. parishii",4315.70078589834,"Endangered (EN)",600,600,"Vulnerable (VU)"
"217",1,"Helianthus nuttallii subsp. rydbergii",650413.644259181,"Least Concern (LC)",2200,2200,"Possible Near Threatened (NT)"
"218",1,"Helianthus nuttallii",4771977.6858166,"Least Concern (LC)",42200,41200,"Least Concern (LC)"
"219",1,"Helianthus occidentalis subsp. occidentalis",322282.257349837,"Least Concern (LC)",3600,3400,"Possible Near Threatened (NT)"
"220",1,"Helianthus occidentalis subsp. plantagineus",158520.503626562,"Least Concern (LC)",2300,2200,"Possible Near Threatened (NT)"
"221",1,"Helianthus occidentalis",2059122.25913772,"Least Concern (LC)",12000,11600,"Least Concern (LC)"
"222",1,"Helianthus paradoxus",294594.175887451,"Least Concern (LC)",1900,1600,"Vulnerable (VU)"
"223",1,"Helianthus pauciflorus subsp. pauciflorus",2068664.67778374,"Least Concern (LC)",6700,6400,"Least Concern (LC)"
"224",1,"Helianthus pauciflorus subsp. subrhomboideus",3685685.13114784,"Least Concern (LC)",12500,11900,"Least Concern (LC)"
"225",1,"Helianthus pauciflorus",5786788.87695166,"Least Concern (LC)",18900,18200,"Least Concern (LC)"
"226",1,"Helianthus petiolaris subsp. fallax",756737.024226116,"Least Concern (LC)",14100,13900,"Least Concern (LC)"
"227",1,"Helianthus petiolaris subsp. petiolaris",2824547.71750696,"Least Concern (LC)",11700,11500,"Least Concern (LC)"
"228",1,"Helianthus petiolaris",4433924.72000102,"Least Concern (LC)",83800,82300,"Least Concern (LC)"
"229",1,"Helianthus porteri",19032.1025589639,"Vulnerable (VU)",1700,1400,"Vulnerable (VU)"
"230",1,"Helianthus praecox subsp. hirtus",333.632339946039,"Endangered (EN)",500,400,"Vulnerable (VU)"
"231",1,"Helianthus praecox subsp. runyonii",161196.937454121,"Least Concern (LC)",3200,3000,"Possible Near Threatened (NT)"
"232",1,"Helianthus praecox",65060.2136861283,"Least Concern (LC)",700,500,"Vulnerable (VU)"
"233",1,"Helianthus pumilus",180568.574365985,"Least Concern (LC)",17400,16500,"Least Concern (LC)"
"234",1,"Helianthus radula",511271.058276329,"Least Concern (LC)",12500,12200,"Least Concern (LC)"
"235",1,"Helianthus resinosus",427246.50619043,"Least Concern (LC)",10900,10300,"Least Concern (LC)"
"236",1,"Helianthus salicifolius",410470.695262119,"Least Concern (LC)",4400,4200,"Possible Near Threatened (NT)"
"237",1,"Helianthus schweinitzii",72412.6117792922,"Least Concern (LC)",500,500,"Vulnerable (VU)"
"238",1,"Helianthus silphioides",463610.041043735,"Least Concern (LC)",7200,6700,"Least Concern (LC)"
"239",1,"Helianthus simulans",331271.904885884,"Least Concern (LC)",4600,4300,"Least Concern (LC)"
"240",1,"Helianthus smithii",17336.8274229485,"Vulnerable (VU)",600,500,"Vulnerable (VU)"
"241",1,"Helianthus strumosus",3238436.05633598,"Least Concern (LC)",55700,53800,"Least Concern (LC)"
"242",1,"Helianthus tuberosus",6240672.45479315,"Least Concern (LC)",72000,70400,"Least Concern (LC)"
"243",1,"Helianthus winteri",80.1500194817048,"Critically Endangered (CR)",300,300,"Endangered (EN)"
"244",1,"Helianthus x laetiflorus",2158850.02667734,"Least Concern (LC)",2000,2000,"Possible Near Threatened (NT)"
"245",1,"Hordeum arizonicum",524757.901138797,"Least Concern (LC)",3700,3200,"Possible Near Threatened (NT)"
"246",1,"Hordeum brachyantherum subsp. brachyantherum",7555148.18930851,"Least Concern (LC)",16200,15700,"Least Concern (LC)"
"247",1,"Hordeum brachyantherum subsp. californicum",328629.216662991,"Least Concern (LC)",19300,18000,"Least Concern (LC)"
"248",1,"Hordeum brachyantherum",10588676.670649,"Least Concern (LC)",128400,125600,"Least Concern (LC)"
"249",1,"Hordeum depressum",1044234.17709215,"Least Concern (LC)",21400,21200,"Least Concern (LC)"
"250",1,"Hordeum intercedens",86821.6831497041,"Least Concern (LC)",5800,5300,"Least Concern (LC)"
"251",1,"Hordeum jubatum subsp. intermedium",5892173.90876931,"Least Concern (LC)",22400,21600,"Least Concern (LC)"
"252",1,"Hordeum jubatum subsp. jubatum",13604741.4865505,"Least Concern (LC)",25100,24500,"Least Concern (LC)"
"253",1,"Hordeum jubatum",17498620.1098153,"Least Concern (LC)",156800,154500,"Least Concern (LC)"
"254",1,"Hordeum pusillum",6699505.62543556,"Least Concern (LC)",98200,96800,"Least Concern (LC)"
"255",1,"Humulus lupulus var. lupuloides",2087846.39901225,"Least Concern (LC)",8300,7900,"Least Concern (LC)"
"256",1,"Humulus lupulus var. neomexicanus",2465198.45453251,"Least Concern (LC)",25800,25600,"Least Concern (LC)"
"257",1,"Humulus lupulus var. pubescens",1089838.62772372,"Least Concern (LC)",5200,5100,"Least Concern (LC)"
"258",1,"Humulus lupulus",6916076.15803474,"Least Concern (LC)",24800,23800,"Least Concern (LC)"
"259",1,"Illicium floridanum",380563.786319166,"Least Concern (LC)",15300,14900,"Least Concern (LC)"
"260",1,"Ipomoea alba",410695.043528729,"Least Concern (LC)",2600,2600,"Possible Near Threatened (NT)"
"261",1,"Ipomoea barbatisepala",300161.212744734,"Least Concern (LC)",8500,8100,"Least Concern (LC)"
"262",1,"Ipomoea capillacea",2105870.85363889,"Least Concern (LC)",16000,15700,"Least Concern (LC)"
"263",1,"Ipomoea cardiophylla",193024.574920135,"Least Concern (LC)",1900,1600,"Vulnerable (VU)"
"264",1,"Ipomoea coccinea",196611.2664362,"Least Concern (LC)",2300,2300,"Possible Near Threatened (NT)"
"265",1,"Ipomoea cordatotriloba var. cordatotriloba",1550144.06528573,"Least Concern (LC)",7800,7600,"Least Concern (LC)"
"266",1,"Ipomoea cordatotriloba var. torreyana",389814.17063516,"Least Concern (LC)",1600,1500,"Vulnerable (VU)"
"267",1,"Ipomoea cordatotriloba",901735.30682244,"Least Concern (LC)",10600,10000,"Least Concern (LC)"
"268",1,"Ipomoea costellata",2690307.63214455,"Least Concern (LC)",35800,35000,"Least Concern (LC)"
"269",1,"Ipomoea cristulata",1840597.29830395,"Least Concern (LC)",35800,34200,"Least Concern (LC)"
"270",1,"Ipomoea hederifolia",797831.861267971,"Least Concern (LC)",5500,5400,"Least Concern (LC)"
"271",1,"Ipomoea imperati",3429740.08999939,"Least Concern (LC)",4100,3700,"Possible Near Threatened (NT)"
"272",1,"Ipomoea indica",1813102.469582,"Least Concern (LC)",3400,3100,"Possible Near Threatened (NT)"
"273",1,"Ipomoea lacunosa",1186790.5660282,"Least Concern (LC)",14700,13900,"Least Concern (LC)"
"274",1,"Ipomoea leptophylla",956210.984123105,"Least Concern (LC)",28900,28000,"Least Concern (LC)"
"275",1,"Ipomoea leucantha",1199681.79487493,"Least Concern (LC)",1400,1400,"Vulnerable (VU)"
"276",1,"Ipomoea lindheimeri",519936.725952077,"Least Concern (LC)",6200,6100,"Least Concern (LC)"
"277",1,"Ipomoea longifolia",444720.609123602,"Least Concern (LC)",10000,8900,"Least Concern (LC)"
"278",1,"Ipomoea macrorhiza",100466.871763551,"Least Concern (LC)",500,500,"Vulnerable (VU)"
"279",1,"Ipomoea pandurata",2634737.67847187,"Least Concern (LC)",43600,42700,"Least Concern (LC)"
"280",1,"Ipomoea pes-caprae",8891949.30070423,"Least Concern (LC)",4600,4500,"Least Concern (LC)"
"281",1,"Ipomoea plummerae",733288.363741449,"Least Concern (LC)",9600,9500,"Least Concern (LC)"
"282",1,"Ipomoea pubescens",713265.573000668,"Least Concern (LC)",3200,3100,"Possible Near Threatened (NT)"
"283",1,"Ipomoea sagittata",1377775.17950056,"Least Concern (LC)",7000,6700,"Least Concern (LC)"
"284",1,"Ipomoea tenuissima",174387.393356954,"Least Concern (LC)",600,500,"Vulnerable (VU)"
"285",1,"Ipomoea ternifolia var. leptotoma",453619.261372436,"Least Concern (LC)",14800,13700,"Least Concern (LC)"
"286",1,"Ipomoea ternifolia",1072705.12495393,"Least Concern (LC)",7400,6900,"Least Concern (LC)"
"287",1,"Ipomoea thurberi",89864.0738344507,"Least Concern (LC)",3500,3100,"Possible Near Threatened (NT)"
"288",1,"Ipomoea tiliacea",1556628.9996928,"Least Concern (LC)",6800,6600,"Least Concern (LC)"
"289",1,"Ipomoea trifida",1776658.62772674,"Least Concern (LC)",6900,6600,"Least Concern (LC)"
"290",1,"Ipomoea violacea",366138.099454133,"Least Concern (LC)",1000,1000,"Vulnerable (VU)"
"291",1,"Ipomoea wrightii",418662.096711986,"Least Concern (LC)",700,700,"Vulnerable (VU)"
"292",1,"Carya glabra",337116.136565572,"Least Concern (LC)",1000,900,"Vulnerable (VU)"
"293",1,"Carya illinoinensis",NA,"Critically Endangered (CR)",NA,NA,"Critically Endangered (CR)"
"294",1,"Juglans californica",295017.661351357,"Least Concern (LC)",21100,20300,"Least Concern (LC)"
"295",1,"Juglans cinerea",2096860.6931453,"Least Concern (LC)",34000,33200,"Least Concern (LC)"
"296",1,"Juglans hindsii",244786.294406998,"Least Concern (LC)",19700,19200,"Least Concern (LC)"
"297",1,"Juglans jamaicensis",676.329359055672,"Endangered (EN)",300,300,"Endangered (EN)"
"298",1,"Juglans major var. major",337116.136565572,"Least Concern (LC)",1000,900,"Vulnerable (VU)"
"299",1,"Juglans major",2293240.23913027,"Least Concern (LC)",47300,44100,"Least Concern (LC)"
"300",1,"Juglans microcarpa var. microcarpa",44402.4103951479,"Possible Near Threatened (NT)",700,700,"Vulnerable (VU)"
"301",1,"Juglans microcarpa",826904.265560342,"Least Concern (LC)",9600,9300,"Least Concern (LC)"
"302",1,"Juglans nigra",4022610.82434197,"Least Concern (LC)",64400,63300,"Least Concern (LC)"
"303",1,"Lactuca biennis",13549731.8178737,"Least Concern (LC)",46100,45300,"Least Concern (LC)"
"304",1,"Lactuca canadensis",12226322.1827566,"Least Concern (LC)",91100,89200,"Least Concern (LC)"
"305",1,"Lactuca floridana",5011535.70554785,"Least Concern (LC)",49200,48000,"Least Concern (LC)"
"306",1,"Lactuca graminifolia",4908060.13016692,"Least Concern (LC)",15900,15300,"Least Concern (LC)"
"307",1,"Lactuca hirsuta",2035606.07212697,"Least Concern (LC)",6300,6200,"Least Concern (LC)"
"308",1,"Lactuca ludoviciana",9474621.89925925,"Least Concern (LC)",27000,26400,"Least Concern (LC)"
"309",1,"Lactuca tatarica subsp. pulchella",4961402.94350998,"Least Concern (LC)",35400,35100,"Least Concern (LC)"
"310",1,"Lactuca tatarica",9474621.89925925,"Least Concern (LC)",27000,26400,"Least Concern (LC)"
"311",1,"Leymus ambiguus",207805.929019263,"Least Concern (LC)",2800,2600,"Possible Near Threatened (NT)"
"312",1,"Leymus californicus",3458.70494843736,"Endangered (EN)",1500,1300,"Vulnerable (VU)"
"313",1,"Leymus cinereus",3336799.03070203,"Least Concern (LC)",97200,94300,"Least Concern (LC)"
"314",1,"Leymus condensatus",383961.124298707,"Least Concern (LC)",27000,25000,"Least Concern (LC)"
"315",1,"Leymus flavescens",301189.211040155,"Least Concern (LC)",6700,6200,"Least Concern (LC)"
"316",1,"Leymus innovatus",7742818.90285851,"Least Concern (LC)",40100,38600,"Least Concern (LC)"
"317",1,"Leymus mollis subsp. mollis",18133560.5691017,"Least Concern (LC)",11200,11000,"Least Concern (LC)"
"318",1,"Leymus mollis",20334942.2353812,"Least Concern (LC)",32100,30800,"Least Concern (LC)"
"319",1,"Leymus pacificus",17523.3668354909,"Vulnerable (VU)",1200,1100,"Vulnerable (VU)"
"320",1,"Leymus salina subsp. salina",91931.0775219369,"Least Concern (LC)",1300,1100,"Vulnerable (VU)"
"321",1,"Leymus salina subsp. salmonis",114688.889992131,"Least Concern (LC)",400,400,"Endangered (EN)"
"322",1,"Leymus salina",725141.900277556,"Least Concern (LC)",8200,7700,"Least Concern (LC)"
"323",1,"Leymus simplex",25287.645743795,"Possible Near Threatened (NT)",1000,800,"Vulnerable (VU)"
"324",1,"Leymus triticoides",3518420.4287252,"Least Concern (LC)",66900,65900,"Least Concern (LC)"
"325",1,"Malus angustifolia",1215391.03443878,"Least Concern (LC)",14700,13900,"Least Concern (LC)"
"326",1,"Malus coronaria",1707087.55320058,"Least Concern (LC)",31000,29500,"Least Concern (LC)"
"327",1,"Malus fusca",2722529.00613906,"Least Concern (LC)",25100,24100,"Least Concern (LC)"
"328",1,"Malus ioensis",875042.201754294,"Least Concern (LC)",13900,13700,"Least Concern (LC)"
"329",1,"Manihot angustiloba",343130.974101304,"Least Concern (LC)",10400,10000,"Least Concern (LC)"
"330",1,"Manihot davisiae",178382.093444509,"Least Concern (LC)",1900,1900,"Vulnerable (VU)"
"331",1,"Nicotiana attenuata",2181564.29859473,"Least Concern (LC)",65600,63500,"Least Concern (LC)"
"332",1,"Nicotiana clevelandii",662915.371912985,"Least Concern (LC)",8200,6900,"Least Concern (LC)"
"333",1,"Nicotiana obtusifolia",2764525.03944523,"Least Concern (LC)",93300,93300,"Least Concern (LC)"
"334",1,"Nicotiana quadrivalvis",481816.136478755,"Least Concern (LC)",17700,17100,"Least Concern (LC)"
"335",1,"Nicotiana repanda",284703.912701754,"Least Concern (LC)",3200,3100,"Possible Near Threatened (NT)"
"336",1,"Oryza latifolia",284703.912701754,"Least Concern (LC)",3200,3100,"Possible Near Threatened (NT)"
"337",1,"Panicum virgatum",12436881.8248913,"Least Concern (LC)",162200,159000,"Least Concern (LC)"
"338",1,"Persea borbonia var. pubescens",NA,"Critically Endangered (CR)",NA,NA,"Critically Endangered (CR)"
"339",1,"Persea borbonia",1518918.9665362,"Least Concern (LC)",11800,11500,"Least Concern (LC)"
"340",1,"Phaseolus acutifolius var. acutifolius",686570.976728451,"Least Concern (LC)",6600,6400,"Least Concern (LC)"
"341",1,"Phaseolus acutifolius var. tenuifolius",549916.195171044,"Least Concern (LC)",6600,6400,"Least Concern (LC)"
"342",1,"Phaseolus acutifolius",1876277.67118235,"Least Concern (LC)",40100,38100,"Least Concern (LC)"
"343",1,"Phaseolus angustissimus",719536.500909312,"Least Concern (LC)",29400,28500,"Least Concern (LC)"
"344",1,"Phaseolus filiformis",1184387.7952445,"Least Concern (LC)",32600,32200,"Least Concern (LC)"
"345",1,"Phaseolus grayanus",748926.792331049,"Least Concern (LC)",13000,12800,"Least Concern (LC)"
"346",1,"Phaseolus leptostachyus",1112310.14246179,"Least Concern (LC)",13400,13000,"Least Concern (LC)"
"347",1,"Phaseolus maculatus subsp. maculatus",861267.062309954,"Least Concern (LC)",11400,10600,"Least Concern (LC)"
"348",1,"Phaseolus maculatus subsp. ritensis",1031170.70072116,"Least Concern (LC)",12900,11500,"Least Concern (LC)"
"349",1,"Phaseolus maculatus",1470567.31776244,"Least Concern (LC)",26600,24700,"Least Concern (LC)"
"350",1,"Phaseolus parvulus",766715.319239847,"Least Concern (LC)",10300,9500,"Least Concern (LC)"
"351",1,"Phaseolus polystachios subsp. polystachios",1503839.55290421,"Least Concern (LC)",4300,4100,"Possible Near Threatened (NT)"
"352",1,"Phaseolus polystachios subsp. sinuatus",205710.12996273,"Least Concern (LC)",1300,1300,"Vulnerable (VU)"
"353",1,"Phaseolus polystachios subsp. smilacifolius",5545.87477868686,"Vulnerable (VU)",400,400,"Endangered (EN)"
"354",1,"Phaseolus polystachios",2200850.5559984,"Least Concern (LC)",41300,40300,"Least Concern (LC)"
"355",1,"Phaseolus texensis",5580.31227201986,"Vulnerable (VU)",700,800,"Vulnerable (VU)"
"356",1,"Pistacia texana",124227.85192464,"Least Concern (LC)",300,300,"Endangered (EN)"
"357",1,"Prunus americana",6335617.63524179,"Least Concern (LC)",81500,80000,"Least Concern (LC)"
"358",1,"Prunus andersonii",304546.146998781,"Least Concern (LC)",19600,18300,"Least Concern (LC)"
"359",1,"Prunus angustifolia",2809118.87881486,"Least Concern (LC)",22700,22500,"Least Concern (LC)"
"360",1,"Prunus caroliniana",1713583.92597543,"Least Concern (LC)",16400,16000,"Least Concern (LC)"
"361",1,"Prunus emarginata",3074473.37988628,"Least Concern (LC)",99900,98000,"Least Concern (LC)"
"362",1,"Prunus eremophila",134.149702743335,"Endangered (EN)",400,200,"Endangered (EN)"
"363",1,"Prunus fasciculata var. fasciculata",223884.860662573,"Least Concern (LC)",3800,3400,"Possible Near Threatened (NT)"
"364",1,"Prunus fasciculata var. punctata",7975.37317141971,"Vulnerable (VU)",700,600,"Vulnerable (VU)"
"365",1,"Prunus fasciculata",709168.39284302,"Least Concern (LC)",32900,31900,"Least Concern (LC)"
"366",1,"Prunus fremontii",138573.33726733,"Least Concern (LC)",5600,5500,"Least Concern (LC)"
"367",1,"Prunus geniculata",4808.69802169621,"Endangered (EN)",800,600,"Vulnerable (VU)"
"368",1,"Prunus gracilis",566242.581365426,"Least Concern (LC)",4200,4100,"Possible Near Threatened (NT)"
"369",1,"Prunus havardii",17580.1471229012,"Vulnerable (VU)",1100,1000,"Vulnerable (VU)"
"370",1,"Prunus hortulana",565734.716071363,"Least Concern (LC)",7500,7500,"Least Concern (LC)"
"371",1,"Prunus ilicifolia var. ilicifolia",170326.263631796,"Least Concern (LC)",15600,14700,"Least Concern (LC)"
"372",1,"Prunus ilicifolia var. occidentalis",149772.143367418,"Least Concern (LC)",4300,4100,"Possible Near Threatened (NT)"
"373",1,"Prunus ilicifolia",378528.863120902,"Least Concern (LC)",39500,37500,"Least Concern (LC)"
"374",1,"Prunus maritima",76156.3014235164,"Least Concern (LC)",4100,3900,"Possible Near Threatened (NT)"
"375",1,"Prunus mexicana",1514670.77373731,"Least Concern (LC)",17900,17600,"Least Concern (LC)"
"376",1,"Prunus minutiflora",138879.981073752,"Least Concern (LC)",3700,3500,"Possible Near Threatened (NT)"
"377",1,"Prunus murrayana",249562.20199715,"Least Concern (LC)",1300,1300,"Vulnerable (VU)"
"378",1,"Prunus myrtifolia",60222.210513585,"Least Concern (LC)",700,700,"Vulnerable (VU)"
"379",1,"Prunus nigra",1599717.91058713,"Least Concern (LC)",6200,5600,"Least Concern (LC)"
"380",1,"Prunus pensylvanica",10112933.1084504,"Least Concern (LC)",50700,49700,"Least Concern (LC)"
"381",1,"Prunus pumila var. besseyi",1531674.71120598,"Least Concern (LC)",9400,8700,"Least Concern (LC)"
"382",1,"Prunus pumila var. depressa",603652.972151676,"Least Concern (LC)",1300,1100,"Vulnerable (VU)"
"383",1,"Prunus pumila var. pumila",451621.105181302,"Least Concern (LC)",2100,1700,"Possible Near Threatened (NT)"
"384",1,"Prunus pumila var. susquehanae",1449619.44301297,"Least Concern (LC)",3800,3700,"Possible Near Threatened (NT)"
"385",1,"Prunus pumila",3363079.52118927,"Least Concern (LC)",13900,13300,"Least Concern (LC)"
"386",1,"Prunus rivularis",1118440.19359761,"Least Concern (LC)",6900,6600,"Least Concern (LC)"
"387",1,"Prunus serotina var. alabamensis",173307.547770286,"Least Concern (LC)",2400,2300,"Possible Near Threatened (NT)"
"388",1,"Prunus serotina var. serotina",4365671.89070724,"Least Concern (LC)",24100,23000,"Least Concern (LC)"
"389",1,"Prunus serotina var. virens",953804.894275784,"Least Concern (LC)",22700,21300,"Least Concern (LC)"
"390",1,"Prunus serotina",6126045.98628464,"Least Concern (LC)",101600,1e+05,"Least Concern (LC)"
"391",1,"Prunus subcordata",408564.783622189,"Least Concern (LC)",18500,18100,"Least Concern (LC)"
"392",1,"Prunus texana",39807.693470507,"Possible Near Threatened (NT)",1500,1400,"Vulnerable (VU)"
"393",1,"Prunus umbellata",2826181.5712451,"Least Concern (LC)",25000,24500,"Least Concern (LC)"
"394",1,"Prunus virginiana var. demissa",3582796.54581262,"Least Concern (LC)",137400,136300,"Least Concern (LC)"
"395",1,"Prunus virginiana var. virginiana",1812926.83964343,"Least Concern (LC)",9800,9200,"Least Concern (LC)"
"396",1,"Prunus virginiana",12354161.6851576,"Least Concern (LC)",123100,120800,"Least Concern (LC)"
"397",1,"Pseudoroegneria spicata",8357329.75212067,"Least Concern (LC)",135500,133900,"Least Concern (LC)"
"398",1,"Psidium guajava",8357329.75212067,"Least Concern (LC)",135500,133900,"Least Concern (LC)"
"399",1,"Ribes amarum",254737.771456697,"Least Concern (LC)",11600,11000,"Least Concern (LC)"
"400",1,"Ribes americanum",5858279.67735833,"Least Concern (LC)",45100,43300,"Least Concern (LC)"
"401",1,"Ribes aureum var. aureum",2746345.53849022,"Least Concern (LC)",31800,30700,"Least Concern (LC)"
"402",1,"Ribes aureum var. gracillimum",96631.8519864985,"Least Concern (LC)",4500,3900,"Least Concern (LC)"
"403",1,"Ribes aureum var. villosum",3143461.86962326,"Least Concern (LC)",26100,25100,"Least Concern (LC)"
"404",1,"Ribes aureum",6567387.41795171,"Least Concern (LC)",101500,100100,"Least Concern (LC)"
"405",1,"Ribes binominatum",369618.241105317,"Least Concern (LC)",9200,8600,"Least Concern (LC)"
"406",1,"Ribes bracteosum",3224663.17220254,"Least Concern (LC)",33200,32100,"Least Concern (LC)"
"407",1,"Ribes californicum var. hesperium",41942.9468425484,"Possible Near Threatened (NT)",3200,2800,"Possible Near Threatened (NT)"
"408",1,"Ribes californicum",301670.74037089,"Least Concern (LC)",19400,18600,"Least Concern (LC)"
"409",1,"Ribes cereum var. cereum",2667861.43160682,"Least Concern (LC)",47700,46400,"Least Concern (LC)"
"410",1,"Ribes cereum var. colubrinum",255857.554271852,"Least Concern (LC)",3500,2900,"Possible Near Threatened (NT)"
"411",1,"Ribes cereum",2862556.07014623,"Least Concern (LC)",141700,138600,"Least Concern (LC)"
"412",1,"Ribes curvatum",476250.762360535,"Least Concern (LC)",1300,1200,"Vulnerable (VU)"
"413",1,"Ribes cynosbati",2826033.73512317,"Least Concern (LC)",34100,33400,"Least Concern (LC)"
"414",1,"Ribes divaricatum",1711614.93468567,"Least Concern (LC)",26200,25700,"Least Concern (LC)"
"415",1,"Ribes echinellum",87400.5004162685,"Least Concern (LC)",800,700,"Vulnerable (VU)"
"416",1,"Ribes erythrocarpum",120498.759976506,"Least Concern (LC)",2600,2200,"Possible Near Threatened (NT)"
"417",1,"Ribes glandulosum",10076874.5912368,"Least Concern (LC)",25200,24900,"Least Concern (LC)"
"418",1,"Ribes hirtellum",4660797.08391285,"Least Concern (LC)",17200,17000,"Least Concern (LC)"
"419",1,"Ribes howellii",47569.5460490745,"Least Concern (LC)",3200,2700,"Possible Near Threatened (NT)"
"420",1,"Ribes hudsonianum var. hudsonianum",786904.762348433,"Least Concern (LC)",400,400,"Endangered (EN)"
"421",1,"Ribes hudsonianum var. petiolare",1026394.3073365,"Least Concern (LC)",28400,27800,"Least Concern (LC)"
"422",1,"Ribes hudsonianum",10961561.7563154,"Least Concern (LC)",52900,52300,"Least Concern (LC)"
"423",1,"Ribes indecorum",315270.26956767,"Least Concern (LC)",19700,18000,"Least Concern (LC)"
"424",1,"Ribes inerme",2945118.24356529,"Least Concern (LC)",55500,53900,"Least Concern (LC)"
"425",1,"Ribes lacustre",14552195.0023898,"Least Concern (LC)",123600,121300,"Least Concern (LC)"
"426",1,"Ribes lasianthum",134630.699014285,"Least Concern (LC)",4300,4000,"Possible Near Threatened (NT)"
"427",1,"Ribes laxiflorum",5099371.19327605,"Least Concern (LC)",30000,29500,"Least Concern (LC)"
"428",1,"Ribes leptanthum",781600.097507566,"Least Concern (LC)",28400,26900,"Least Concern (LC)"
"429",1,"Ribes lobbii",1066890.5097925,"Least Concern (LC)",22200,21700,"Least Concern (LC)"
"430",1,"Ribes malvaceum var. malvaceum",129573.051884778,"Least Concern (LC)",4900,4600,"Least Concern (LC)"
"431",1,"Ribes malvaceum var. viridifolium",26920.8623194578,"Possible Near Threatened (NT)",3200,2900,"Possible Near Threatened (NT)"
"432",1,"Ribes malvaceum",388664.182122725,"Least Concern (LC)",28100,26000,"Least Concern (LC)"
"433",1,"Ribes marshallii",178241.900163865,"Least Concern (LC)",3900,3300,"Possible Near Threatened (NT)"
"434",1,"Ribes menziesii",594871.519492093,"Least Concern (LC)",17000,14900,"Least Concern (LC)"
"435",1,"Ribes mescalerium",8565.92774037529,"Vulnerable (VU)",500,500,"Vulnerable (VU)"
"436",1,"Ribes missouriense",1331503.23329225,"Least Concern (LC)",24000,23100,"Least Concern (LC)"
"437",1,"Ribes montigenum",2233991.8687679,"Least Concern (LC)",92600,88800,"Least Concern (LC)"
"438",1,"Ribes nevadense",263409.315747009,"Least Concern (LC)",18100,17200,"Least Concern (LC)"
"439",1,"Ribes niveum",791686.728193766,"Least Concern (LC)",16600,15500,"Least Concern (LC)"
"440",1,"Ribes oxyacanthoides subsp. cognatum",179981.215740767,"Least Concern (LC)",6300,5700,"Least Concern (LC)"
"441",1,"Ribes oxyacanthoides subsp. hendersonii",47569.5460490745,"Least Concern (LC)",3200,2700,"Possible Near Threatened (NT)"
"442",1,"Ribes oxyacanthoides subsp. irriguum",659598.790270713,"Least Concern (LC)",9700,9200,"Least Concern (LC)"
"443",1,"Ribes oxyacanthoides subsp. oxyacanthoides",4206571.44138181,"Least Concern (LC)",10800,10400,"Least Concern (LC)"
"444",1,"Ribes oxyacanthoides subsp. setosum",592958.337702722,"Least Concern (LC)",27700,26900,"Least Concern (LC)"
"445",1,"Ribes oxyacanthoides",7361124.11517986,"Least Concern (LC)",36600,35900,"Least Concern (LC)"
"446",1,"Ribes pinetorum",306050.077502677,"Least Concern (LC)",11400,10700,"Least Concern (LC)"
"447",1,"Ribes quercetorum",606960.54204466,"Least Concern (LC)",18600,17800,"Least Concern (LC)"
"448",1,"Ribes roezlii var. amictum",37736.5835733669,"Possible Near Threatened (NT)",500,400,"Vulnerable (VU)"
"449",1,"Ribes roezlii var. cruentum",411952.331685253,"Least Concern (LC)",6400,5900,"Least Concern (LC)"
"450",1,"Ribes roezlii var. roezlii",166170.123259429,"Least Concern (LC)",9400,8400,"Least Concern (LC)"
"451",1,"Ribes roezlii",592451.568029263,"Least Concern (LC)",52900,52000,"Least Concern (LC)"
"452",1,"Ribes rotundifolium",429100.099655923,"Least Concern (LC)",15000,14400,"Least Concern (LC)"
"453",1,"Ribes sanguineum var. glutinosum",245606.112504745,"Least Concern (LC)",9000,8800,"Least Concern (LC)"
"454",1,"Ribes sanguineum var. sanguineum",155403.584532954,"Least Concern (LC)",9000,8700,"Least Concern (LC)"
"455",1,"Ribes sanguineum",2130542.55999873,"Least Concern (LC)",61500,60600,"Least Concern (LC)"
"456",1,"Ribes sericeum",6522.93294101638,"Vulnerable (VU)",1700,1600,"Vulnerable (VU)"
"457",1,"Ribes speciosum",238245.714423364,"Least Concern (LC)",18500,18200,"Least Concern (LC)"
"458",1,"Ribes thacherianum",46027.4499566712,"Least Concern (LC)",700,500,"Vulnerable (VU)"
"459",1,"Ribes triste",11265017.5644481,"Least Concern (LC)",49600,48700,"Least Concern (LC)"
"460",1,"Ribes tularense",247.476574579077,"Endangered (EN)",400,400,"Endangered (EN)"
"461",1,"Ribes velutinum",1395107.08185548,"Least Concern (LC)",45800,44200,"Least Concern (LC)"
"462",1,"Ribes viburnifolium",103634.704864325,"Least Concern (LC)",1600,1400,"Vulnerable (VU)"
"463",1,"Ribes viscosissimum",3112024.30020074,"Least Concern (LC)",92000,90000,"Least Concern (LC)"
"464",1,"Ribes watsonianum",76892.94725557,"Least Concern (LC)",3200,3100,"Possible Near Threatened (NT)"
"465",1,"Ribes wolfii",1219450.39406171,"Least Concern (LC)",31100,29100,"Least Concern (LC)"
"466",1,"Rubus abactus",1052161.18862523,"Least Concern (LC)",11300,11000,"Least Concern (LC)"
"467",1,"Rubus aboriginum",1039064.15592489,"Least Concern (LC)",5300,5100,"Least Concern (LC)"
"468",1,"Rubus allegheniensis",2721909.17813358,"Least Concern (LC)",57200,55800,"Least Concern (LC)"
"469",1,"Rubus alumnus",1165235.47872038,"Least Concern (LC)",7500,7500,"Least Concern (LC)"
"470",1,"Rubus andrewsianus",287.012542767801,"Endangered (EN)",200,200,"Endangered (EN)"
"471",1,"Rubus arcticus subsp. acaulis",11581997.9120663,"Least Concern (LC)",36200,35400,"Least Concern (LC)"
"472",1,"Rubus arcticus subsp. arcticus",1060952.4665599,"Least Concern (LC)",3100,3100,"Possible Near Threatened (NT)"
"473",1,"Rubus arcticus subsp. stellatus",4373862.13834818,"Least Concern (LC)",12300,11800,"Least Concern (LC)"
"474",1,"Rubus arcticus",7402572.29808891,"Least Concern (LC)",57500,56100,"Least Concern (LC)"
"475",1,"Rubus argutus",1023026.22056775,"Least Concern (LC)",10900,10300,"Least Concern (LC)"
"476",1,"Rubus baileyanus",259914.127562808,"Least Concern (LC)",400,400,"Endangered (EN)"
"477",1,"Rubus canadensis",2989526.46627546,"Least Concern (LC)",12200,12200,"Least Concern (LC)"
"478",1,"Rubus chamaemorus",14346761.0373116,"Least Concern (LC)",47300,45700,"Least Concern (LC)"
"479",1,"Rubus cuneifolius",184165.249135762,"Least Concern (LC)",2700,2600,"Possible Near Threatened (NT)"
"480",1,"Rubus deamii",92628.601389925,"Least Concern (LC)",600,500,"Vulnerable (VU)"
"481",1,"Rubus deliciosus",307911.046193956,"Least Concern (LC)",17600,16300,"Least Concern (LC)"
"482",1,"Rubus enslenii",1437929.00867995,"Least Concern (LC)",11600,11300,"Least Concern (LC)"
"483",1,"Rubus flagellaris",2369380.57765392,"Least Concern (LC)",18400,17600,"Least Concern (LC)"
"484",1,"Rubus frondosus",1382656.64358924,"Least Concern (LC)",7600,7300,"Least Concern (LC)"
"485",1,"Rubus glandicaulis",420324.074178628,"Least Concern (LC)",1000,1000,"Vulnerable (VU)"
"486",1,"Rubus hawaiensis",9727.17850928956,"Vulnerable (VU)",1400,1200,"Vulnerable (VU)"
"487",1,"Rubus hispidus",2026618.66172265,"Least Concern (LC)",31000,29800,"Least Concern (LC)"
"488",1,"Rubus idaeus subsp. strigosus",13910616.1731121,"Least Concern (LC)",57100,57200,"Least Concern (LC)"
"489",1,"Rubus idaeus",20417726.3245267,"Least Concern (LC)",58800,57700,"Least Concern (LC)"
"490",1,"Rubus lasiococcus",326066.536294681,"Least Concern (LC)",15000,14500,"Least Concern (LC)"
"491",1,"Rubus leucodermis",3321415.63429126,"Least Concern (LC)",46000,45000,"Least Concern (LC)"
"492",1,"Rubus lucidus",37059.8997615933,"Possible Near Threatened (NT)",300,300,"Endangered (EN)"
"493",1,"Rubus missouricus",156276.962098858,"Least Concern (LC)",700,700,"Vulnerable (VU)"
"494",1,"Rubus neglectus",64722.7999533761,"Least Concern (LC)",400,400,"Endangered (EN)"
"495",1,"Rubus neomexicanus",467105.901479841,"Least Concern (LC)",12200,11200,"Least Concern (LC)"
"496",1,"Rubus nivalis",591785.068640948,"Least Concern (LC)",7800,7600,"Least Concern (LC)"
"497",1,"Rubus notatus",212534.628223454,"Least Concern (LC)",600,600,"Vulnerable (VU)"
"498",1,"Rubus nutkanus",7512018.79144937,"Least Concern (LC)",118900,115400,"Least Concern (LC)"
"499",1,"Rubus occidentalis",3322958.41248668,"Least Concern (LC)",54700,53700,"Least Concern (LC)"
"500",1,"Rubus odoratus",1174157.50233874,"Least Concern (LC)",28500,27500,"Least Concern (LC)"
"501",1,"Rubus orarius",64722.7999533761,"Least Concern (LC)",400,400,"Endangered (EN)"
"502",1,"Rubus ostryifolius",326066.536294681,"Least Concern (LC)",15000,14500,"Least Concern (LC)"
"503",1,"Rubus pedatus",4196132.22224673,"Least Concern (LC)",39200,38700,"Least Concern (LC)"
"504",1,"Rubus pennus",NA,"Critically Endangered (CR)",NA,NA,"Critically Endangered (CR)"
"505",1,"Rubus pensilvanicus",3057060.29196389,"Least Concern (LC)",29400,28400,"Least Concern (LC)"
"506",1,"Rubus pubescens",8069624.40922877,"Least Concern (LC)",37200,36100,"Least Concern (LC)"
"507",1,"Rubus recurvans",788581.137596332,"Least Concern (LC)",2300,2100,"Possible Near Threatened (NT)"
"508",1,"Rubus riograndis",278696.657624737,"Least Concern (LC)",2400,2400,"Possible Near Threatened (NT)"
"509",1,"Rubus semisetosus",399526.324317655,"Least Concern (LC)",1200,1100,"Vulnerable (VU)"
"510",1,"Rubus setosus",1304026.10676129,"Least Concern (LC)",4100,3900,"Possible Near Threatened (NT)"
"511",1,"Rubus spectabilis",8008544.21312822,"Least Concern (LC)",75900,72800,"Least Concern (LC)"
"512",1,"Rubus stipulatus",50422.4882139531,"Least Concern (LC)",900,800,"Vulnerable (VU)"
"513",1,"Rubus trivialis",2621156.86363156,"Least Concern (LC)",22700,22300,"Least Concern (LC)"
"514",1,"Rubus ursinus subsp. macropetalus",1052161.18862523,"Least Concern (LC)",11300,11000,"Least Concern (LC)"
"515",1,"Rubus ursinus subsp. ursinus",91476.0915480503,"Least Concern (LC)",400,400,"Endangered (EN)"
"516",1,"Rubus ursinus",1531980.48362965,"Least Concern (LC)",78400,76600,"Least Concern (LC)"
"517",1,"Rubus vermontanus",982778.508736015,"Least Concern (LC)",2900,2700,"Possible Near Threatened (NT)"
"518",1,"Saccharum alopecuroides",1176003.43252699,"Least Concern (LC)",6900,6700,"Least Concern (LC)"
"519",1,"Saccharum baldwinii",964115.416850735,"Least Concern (LC)",4600,4300,"Least Concern (LC)"
"520",1,"Saccharum brevibarbe var. contortum",914325.174347536,"Least Concern (LC)",5600,5300,"Least Concern (LC)"
"521",1,"Saccharum brevibarbe",872148.564992869,"Least Concern (LC)",2800,2700,"Possible Near Threatened (NT)"
"522",1,"Saccharum coarctatum",282866.666193314,"Least Concern (LC)",1400,1400,"Vulnerable (VU)"
"523",1,"Saccharum giganteum",1709062.32253052,"Least Concern (LC)",17000,16500,"Least Concern (LC)"
"524",1,"Solanum adscendens",25205.1853993893,"Possible Near Threatened (NT)",1900,1700,"Vulnerable (VU)"
"525",1,"Solanum americanum",3345976.67743695,"Least Concern (LC)",2600,2600,"Possible Near Threatened (NT)"
"526",1,"Solanum bahamense",397188.512314122,"Least Concern (LC)",4000,3700,"Possible Near Threatened (NT)"
"527",1,"Solanum campechiense",2977806.41302462,"Least Concern (LC)",1700,1700,"Vulnerable (VU)"
"528",1,"Solanum carolinense",5219183.20937853,"Least Concern (LC)",98400,97200,"Least Concern (LC)"
"529",1,"Solanum citrullifolium",121497.970469127,"Least Concern (LC)",1700,1700,"Vulnerable (VU)"
"530",1,"Solanum dimidiatum",1481653.55801688,"Least Concern (LC)",11400,10800,"Least Concern (LC)"
"531",1,"Solanum donianum",1757691.34017549,"Least Concern (LC)",3300,3000,"Possible Near Threatened (NT)"
"532",1,"Solanum douglasii",4293249.42481132,"Least Concern (LC)",60300,56800,"Least Concern (LC)"
"533",1,"Solanum elaeagnifolium",4743444.00506421,"Least Concern (LC)",1e+05,98100,"Least Concern (LC)"
"534",1,"Solanum erianthum",2139065.04259051,"Least Concern (LC)",3400,3300,"Possible Near Threatened (NT)"
"535",1,"Solanum heterodoxum",1062128.17861329,"Least Concern (LC)",5800,5400,"Least Concern (LC)"
"536",1,"Solanum incompletum",19456.7098747566,"Vulnerable (VU)",500,400,"Vulnerable (VU)"
"537",1,"Solanum interius",860836.684768376,"Least Concern (LC)",2600,2400,"Possible Near Threatened (NT)"
"538",1,"Solanum jamaicense",2246934.1793867,"Least Concern (LC)",1300,1300,"Vulnerable (VU)"
"539",1,"Solanum jamesii",1138064.84180027,"Least Concern (LC)",39100,37500,"Least Concern (LC)"
"540",1,"Solanum nelsonii",4856.60295707338,"Endangered (EN)",400,400,"Endangered (EN)"
"541",1,"Solanum parishii",670568.662201005,"Least Concern (LC)",25900,24600,"Least Concern (LC)"
"542",1,"Solanum pseudogracile",516511.467164029,"Least Concern (LC)",1700,1500,"Vulnerable (VU)"
"543",1,"Solanum ptychanthum",9532380.09535067,"Least Concern (LC)",84500,83300,"Least Concern (LC)"
"544",1,"Solanum rostratum",3462443.56226153,"Least Concern (LC)",53300,52400,"Least Concern (LC)"
"545",1,"Solanum sandwicense",24497.4875986295,"Possible Near Threatened (NT)",1300,1200,"Vulnerable (VU)"
"546",1,"Solanum stoloniferum",2324196.30339247,"Least Concern (LC)",59400,58100,"Least Concern (LC)"
"547",1,"Solanum torvum",530984.544105045,"Least Concern (LC)",6200,5400,"Least Concern (LC)"
"548",1,"Solanum triflorum",4650941.25657582,"Least Concern (LC)",73400,72500,"Least Concern (LC)"
"549",1,"Solanum triquetrum",465481.348301896,"Least Concern (LC)",9400,9000,"Least Concern (LC)"
"550",1,"Solanum wallacei",163232.357421403,"Least Concern (LC)",1400,1200,"Vulnerable (VU)"
"551",1,"Solanum xanti",750869.249242215,"Least Concern (LC)",67300,65700,"Least Concern (LC)"
"552",1,"Carya glabra",NA,"Critically Endangered (CR)",NA,NA,"Critically Endangered (CR)"
"553",1,"Tripsacum dactyloides var. dactyloides",971150.265410402,"Least Concern (LC)",1000,1000,"Vulnerable (VU)"
"554",1,"Tripsacum dactyloides",6681604.71081557,"Least Concern (LC)",64800,63500,"Least Concern (LC)"
"555",1,"Tripsacum floridanum",10232.3838733395,"Vulnerable (VU)",600,400,"Vulnerable (VU)"
"556",1,"Tripsacum lanceolatum",908923.062787225,"Least Concern (LC)",15400,14700,"Least Concern (LC)"
"557",1,"Vaccinium angustifolium",4973228.71514746,"Least Concern (LC)",45200,44600,"Least Concern (LC)"
"558",1,"Vaccinium arboreum",2271218.46478352,"Least Concern (LC)",50500,49300,"Least Concern (LC)"
"559",1,"Vaccinium boreale",594818.507547078,"Least Concern (LC)",700,700,"Vulnerable (VU)"
"560",1,"Vaccinium caesariense",50187.5060059676,"Least Concern (LC)",1300,1300,"Vulnerable (VU)"
"561",1,"Vaccinium calycinum",37326.6006438748,"Possible Near Threatened (NT)",2500,2200,"Possible Near Threatened (NT)"
"562",1,"Vaccinium cespitosum",12627633.4840815,"Least Concern (LC)",62200,59800,"Least Concern (LC)"
"563",1,"Vaccinium corymbosum",4114087.05092889,"Least Concern (LC)",66200,64700,"Least Concern (LC)"
"564",1,"Vaccinium crassifolium subsp. sempervirens",5.62192196192992,"Critically Endangered (CR)",100,100,"Endangered (EN)"
"565",1,"Vaccinium crassifolium",72814.4455865992,"Least Concern (LC)",5200,4700,"Least Concern (LC)"
"566",1,"Vaccinium darrowii",366240.13170118,"Least Concern (LC)",11900,10800,"Least Concern (LC)"
"567",1,"Vaccinium deliciosum",1439821.47421533,"Least Concern (LC)",14300,13500,"Least Concern (LC)"
"568",1,"Vaccinium dentatum",31575.1139260966,"Possible Near Threatened (NT)",2300,2000,"Possible Near Threatened (NT)"
"569",1,"Vaccinium elliottii",1063817.93472958,"Least Concern (LC)",20200,19500,"Least Concern (LC)"
"570",1,"Vaccinium erythrocarpum subsp. erythrocarpum",7642.7848021404,"Vulnerable (VU)",600,500,"Vulnerable (VU)"
"571",1,"Vaccinium erythrocarpum",38473.3162867593,"Possible Near Threatened (NT)",3000,3100,"Possible Near Threatened (NT)"
"572",1,"Vaccinium formosum",463528.39960747,"Least Concern (LC)",3000,2900,"Possible Near Threatened (NT)"
"573",1,"Vaccinium fuscatum",2259539.65071059,"Least Concern (LC)",17000,16700,"Least Concern (LC)"
"574",1,"Vaccinium hirsutum",2261.37019767846,"Endangered (EN)",1300,1100,"Vulnerable (VU)"
"575",1,"Vaccinium macrocarpon",3106223.07930712,"Least Concern (LC)",36200,35100,"Least Concern (LC)"
"576",1,"Vaccinium membranaceum",4636463.55579756,"Least Concern (LC)",92400,90800,"Least Concern (LC)"
"577",1,"Vaccinium myrsinites",365239.784491203,"Least Concern (LC)",10600,10300,"Least Concern (LC)"
"578",1,"Vaccinium myrtilloides",6164295.0239921,"Least Concern (LC)",25300,24600,"Least Concern (LC)"
"579",1,"Vaccinium myrtillus",3440457.75943983,"Least Concern (LC)",22200,22200,"Least Concern (LC)"
"580",1,"Vaccinium ovalifolium var. ovalifolium",NA,"Critically Endangered (CR)",NA,NA,"Critically Endangered (CR)"
"581",1,"Vaccinium ovalifolium",7808681.29150479,"Least Concern (LC)",53500,53200,"Least Concern (LC)"
"582",1,"Vaccinium ovatum",1038461.29792092,"Least Concern (LC)",37500,36000,"Least Concern (LC)"
"583",1,"Vaccinium oxycoccos",16364575.317702,"Least Concern (LC)",52900,51100,"Least Concern (LC)"
"584",1,"Vaccinium pallidum",2223602.37946633,"Least Concern (LC)",61800,59200,"Least Concern (LC)"
"585",1,"Vaccinium parvifolium",4963233.1335164,"Least Concern (LC)",60400,57400,"Least Concern (LC)"
"586",1,"Vaccinium reticulatum",33794.8877007108,"Possible Near Threatened (NT)",3800,3300,"Possible Near Threatened (NT)"
"587",1,"Vaccinium scoparium",3248622.12058139,"Least Concern (LC)",97800,94600,"Least Concern (LC)"
"588",1,"Vaccinium simulatum",77110.4179683067,"Least Concern (LC)",1800,1700,"Vulnerable (VU)"
"589",1,"Vaccinium stamineum",2472323.42649875,"Least Concern (LC)",85400,84500,"Least Concern (LC)"
"590",1,"Vaccinium tenellum",403643.418143713,"Least Concern (LC)",5300,5200,"Least Concern (LC)"
"591",1,"Vaccinium uliginosum",23785931.2869889,"Least Concern (LC)",109200,108500,"Least Concern (LC)"
"592",1,"Vaccinium virgatum",687226.00406143,"Least Concern (LC)",5900,5800,"Least Concern (LC)"
"593",1,"Vaccinium vitis-idaea",18335254.6644258,"Least Concern (LC)",77100,74800,"Least Concern (LC)"
"594",1,"Vaccinium x marianum",67348.4502864948,"Least Concern (LC)",3400,3100,"Possible Near Threatened (NT)"
"595",1,"Vanilla mexicana",82977.6219163556,"Least Concern (LC)",700,700,"Vulnerable (VU)"
"596",1,"Vanilla phaeantha",NA,"Critically Endangered (CR)",NA,NA,"Critically Endangered (CR)"
"597",1,"Vanilla planifolia",82977.6219163556,"Least Concern (LC)",700,700,"Vulnerable (VU)"
"598",1,"Vigna luteola",5128340.12672558,"Least Concern (LC)",15400,14400,"Least Concern (LC)"
"599",1,"Vigna o-wahuensis",15066.9319891255,"Vulnerable (VU)",400,400,"Endangered (EN)"
"600",1,"Vitis acerifolia",597609.389138808,"Least Concern (LC)",3000,2900,"Possible Near Threatened (NT)"
"601",1,"Vitis aestivalis var. aestivalis",1748165.0333198,"Least Concern (LC)",18800,18200,"Least Concern (LC)"
"602",1,"Vitis aestivalis var. bicolor",856811.654173101,"Least Concern (LC)",12500,12200,"Least Concern (LC)"
"603",1,"Vitis aestivalis",3503422.00682633,"Least Concern (LC)",43300,42300,"Least Concern (LC)"
"604",1,"Vitis arizonica",1226370.08121271,"Least Concern (LC)",45600,44500,"Least Concern (LC)"
"605",1,"Vitis californica",418146.320529752,"Least Concern (LC)",30500,29700,"Least Concern (LC)"
"606",1,"Vitis cinerea var. baileyana",337433.743492831,"Least Concern (LC)",2700,2500,"Possible Near Threatened (NT)"
"607",1,"Vitis cinerea var. cinerea",824273.992973723,"Least Concern (LC)",8600,8100,"Least Concern (LC)"
"608",1,"Vitis cinerea var. floridana",491834.527502754,"Least Concern (LC)",3000,2900,"Possible Near Threatened (NT)"
"609",1,"Vitis cinerea var. helleri",50065.9546982541,"Least Concern (LC)",1400,1300,"Vulnerable (VU)"
"610",1,"Vitis cinerea",2518146.65229479,"Least Concern (LC)",15100,14300,"Least Concern (LC)"
"611",1,"Vitis girdiana",200183.858769077,"Least Concern (LC)",16900,15700,"Least Concern (LC)"
"612",1,"Vitis labrusca",1954128.09648205,"Least Concern (LC)",26000,25700,"Least Concern (LC)"
"613",1,"Vitis monticola",38614.7011145457,"Possible Near Threatened (NT)",2700,2200,"Possible Near Threatened (NT)"
"614",1,"Vitis mustangensis",408126.101838163,"Least Concern (LC)",4300,4300,"Possible Near Threatened (NT)"
"615",1,"Vitis palmata",1153288.37577085,"Least Concern (LC)",4700,4400,"Least Concern (LC)"
"616",1,"Vitis riparia",3915908.53851718,"Least Concern (LC)",51100,50300,"Least Concern (LC)"
"617",1,"Vitis rotundifolia var. munsoniana",34049.7108463029,"Possible Near Threatened (NT)",700,700,"Vulnerable (VU)"
"618",1,"Vitis rotundifolia var. rotundifolia",1147941.97649713,"Least Concern (LC)",2600,2600,"Possible Near Threatened (NT)"
"619",1,"Vitis rotundifolia",2231943.38420703,"Least Concern (LC)",29000,28200,"Least Concern (LC)"
"620",1,"Vitis rupestris",1017878.89170576,"Least Concern (LC)",5900,5600,"Least Concern (LC)"
"621",1,"Vitis shuttleworthii",50028.8591142089,"Least Concern (LC)",2400,1900,"Possible Near Threatened (NT)"
"622",1,"Vitis tiliifolia",2335851.88084721,"Least Concern (LC)",5500,5100,"Least Concern (LC)"
"623",1,"Vitis treleasei",NA,"Critically Endangered (CR)",NA,NA,"Critically Endangered (CR)"
"624",1,"Vitis vulpina",4046025.77950721,"Least Concern (LC)",54600,53300,"Least Concern (LC)"
"625",1,"Vitis x champinii",NA,"Critically Endangered (CR)",NA,NA,"Critically Endangered (CR)"
"626",1,"Vitis x doaniana",NA,"Critically Endangered (CR)",NA,NA,"Critically Endangered (CR)"
"627",1,"Vitis x novae-angliae",199148.908692385,"Least Concern (LC)",900,800,"Vulnerable (VU)"
"628",1,"Vitis x slavinii",NA,"Critically Endangered (CR)",NA,NA,"Critically Endangered (CR)"
"629",1,"Xanthosoma sagittifolium",824273.992973723,"Least Concern (LC)",8600,8100,"Least Concern (LC)"
"630",1,"Zizania aquatica var. aquatica",878265.570770064,"Least Concern (LC)",2600,2400,"Possible Near Threatened (NT)"
"631",1,"Zizania aquatica",2744963.2141871,"Least Concern (LC)",11800,11100,"Least Concern (LC)"
"632",1,"Zizania palustris var. interior",944505.860921449,"Least Concern (LC)",6600,6500,"Least Concern (LC)"
"633",1,"Zizania palustris var. palustris",1783603.50519075,"Least Concern (LC)",4000,3800,"Possible Near Threatened (NT)"
"634",1,"Zizania palustris",2027307.32257189,"Least Concern (LC)",6800,6700,"Least Concern (LC)"
"635",1,"Zizania texana",NA,"Critically Endangered (CR)",NA,NA,"Critically Endangered (CR)"
